{"cameraMode":{"drawMode":0,"name":"Shaded","section":"Shading Mode"},"sceneLighting":false,"audioPlay":false,"sceneViewState":{"m_AlwaysRefresh":false,"showFog":true,"showSkybox":false,"showFlares":true,"showImageEffects":true,"showParticleSystems":true,"showVisualEffectGraphs":true,"m_FxEnabled":true},"in2DMode":false,"pivot":{"x":-0.43467599153518679,"y":0.45078277587890627,"z":-24.174396514892579},"rotation":{"x":-0.6226913332939148,"y":-0.0006342784618027508,"z":0.000650920788757503,"w":-0.7822554707527161},"size":7.842193603515625,"orthographic":false}