{"cameraMode":{"drawMode":0,"name":"Shaded","section":"Shading Mode"},"sceneLighting":false,"audioPlay":false,"sceneViewState":{"m_AlwaysRefresh":false,"showFog":true,"showSkybox":false,"showFlares":true,"showImageEffects":true,"showParticleSystems":true,"showVisualEffectGraphs":true,"m_FxEnabled":true},"in2DMode":false,"pivot":{"x":-0.2688632309436798,"y":-0.9117851257324219,"z":48.70171356201172},"rotation":{"x":-0.5117469429969788,"y":0.005699532572180033,"z":-0.0033220527693629266,"w":-0.8589544892311096},"size":7.842193603515625,"orthographic":false}