{"cameraMode":{"drawMode":0,"name":"Shaded","section":"Shading Mode"},"sceneLighting":true,"audioPlay":false,"sceneViewState":{"m_AlwaysRefresh":false,"showFog":true,"showSkybox":true,"showFlares":true,"showImageEffects":true,"showParticleSystems":true,"showVisualEffectGraphs":true,"m_FxEnabled":true},"in2DMode":false,"pivot":{"x":-1.3890985250473023,"y":3.3248963356018068,"z":8.168360710144043},"rotation":{"x":-0.20794656872749329,"y":-0.7513754367828369,"z":0.27842649817466738,"w":-0.5610343217849731},"size":0.3093166947364807,"orthographic":false}