{"cameraMode":{"drawMode":0,"name":"Shaded","section":"Shading Mode"},"sceneLighting":true,"audioPlay":false,"sceneViewState":{"m_AlwaysRefresh":false,"showFog":true,"showSkybox":true,"showFlares":true,"showImageEffects":true,"showParticleSystems":true,"showVisualEffectGraphs":true,"m_FxEnabled":true},"in2DMode":false,"pivot":{"x":-2.235765218734741,"y":0.9184161424636841,"z":1.7064604759216309},"rotation":{"x":0.007674136199057102,"y":0.8549396991729736,"z":0.013589789159595967,"w":-0.5181085467338562},"size":0.5523586273193359,"orthographic":false}