{"cameraMode":{"drawMode":0,"name":"Shaded","section":"Shading Mode"},"sceneLighting":true,"audioPlay":false,"sceneViewState":{"m_AlwaysRefresh":false,"showFog":true,"showSkybox":true,"showFlares":true,"showImageEffects":true,"showParticleSystems":true,"showVisualEffectGraphs":true,"m_FxEnabled":true},"in2DMode":false,"pivot":{"x":43.409996032714847,"y":44.251556396484378,"z":-8.519759178161621},"rotation":{"x":-0.42656829953193667,"y":0.2862417697906494,"z":-0.14664126932621003,"w":-0.8445245623588562},"size":0.7542941570281982,"orthographic":false}