{"cameraMode":{"drawMode":0,"name":"Shaded","section":"Shading Mode"},"sceneLighting":true,"audioPlay":false,"sceneViewState":{"m_AlwaysRefresh":false,"showFog":true,"showSkybox":true,"showFlares":true,"showImageEffects":true,"showParticleSystems":true,"showVisualEffectGraphs":true,"m_FxEnabled":true},"in2DMode":false,"pivot":{"x":-1.061934471130371,"y":0.18610471487045289,"z":-1.1745457649230958},"rotation":{"x":-0.0768745020031929,"y":-0.8073522448539734,"z":0.10793045908212662,"w":-0.5750206708908081},"size":2.7470033168792726,"orthographic":false}