{"cameraMode":{"drawMode":0,"name":"Shaded","section":"Shading Mode"},"sceneLighting":true,"audioPlay":false,"sceneViewState":{"m_AlwaysRefresh":false,"showFog":true,"showSkybox":true,"showFlares":true,"showImageEffects":true,"showParticleSystems":true,"showVisualEffectGraphs":true,"m_FxEnabled":true},"in2DMode":false,"pivot":{"x":-0.8039476871490479,"y":-0.7771035432815552,"z":1.7777917385101319},"rotation":{"x":0.34705057740211489,"y":-0.5516965985298157,"z":0.2701820731163025,"w":0.7086552381515503},"size":1.9986658096313477,"orthographic":false}