{"cameraMode":{"drawMode":0,"name":"Shaded","section":"Shading Mode"},"sceneLighting":true,"audioPlay":false,"sceneViewState":{"m_AlwaysRefresh":false,"showFog":true,"showSkybox":true,"showFlares":true,"showImageEffects":true,"showParticleSystems":true,"showVisualEffectGraphs":true,"m_FxEnabled":true},"in2DMode":false,"pivot":{"x":-5.869101047515869,"y":2.8123717308044435,"z":-0.3476470708847046},"rotation":{"x":-0.24362021684646607,"y":-0.4986180365085602,"z":0.14623694121837617,"w":-0.8180827498435974},"size":0.0008660044986754656,"orthographic":false}