{"cameraMode":{"drawMode":0,"name":"Shaded","section":"Shading Mode"},"sceneLighting":true,"audioPlay":false,"sceneViewState":{"m_AlwaysRefresh":false,"showFog":true,"showSkybox":true,"showFlares":true,"showImageEffects":true,"showParticleSystems":true,"showVisualEffectGraphs":true,"m_FxEnabled":true},"in2DMode":false,"pivot":{"x":-10.649930000305176,"y":0.5580208897590637,"z":-2.4590799808502199},"rotation":{"x":0.015407698228955269,"y":0.8338830471038818,"z":-0.5490561723709106,"w":0.02089848928153515},"size":0.627463161945343,"orthographic":false}