{"cameraMode":{"drawMode":0,"name":"Shaded","section":"Shading Mode"},"sceneLighting":false,"audioPlay":false,"sceneViewState":{"m_AlwaysRefresh":false,"showFog":true,"showSkybox":false,"showFlares":true,"showImageEffects":true,"showParticleSystems":true,"showVisualEffectGraphs":true,"m_FxEnabled":true},"in2DMode":false,"pivot":{"x":0.044827982783317569,"y":0.42868268489837649,"z":0.2922762334346771},"rotation":{"x":-0.08221616595983505,"y":-0.8072106242179871,"z":0.5721263885498047,"w":-0.11321469396352768},"size":0.7484307289123535,"orthographic":false}