{"cameraMode":{"drawMode":0,"name":"Shaded","section":"Shading Mode"},"sceneLighting":false,"audioPlay":false,"sceneViewState":{"m_AlwaysRefresh":false,"showFog":true,"showSkybox":false,"showFlares":true,"showImageEffects":true,"showParticleSystems":true,"showVisualEffectGraphs":true,"m_FxEnabled":true},"in2DMode":false,"pivot":{"x":-0.13131171464920045,"y":1.0179121494293213,"z":0.38350334763526919},"rotation":{"x":-0.1018482968211174,"y":-0.8459019660949707,"z":0.49329257011413576,"w":-0.17095670104026795},"size":1.956106424331665,"orthographic":false}