{"cameraMode":{"drawMode":0,"name":"Shaded","section":"Shading Mode"},"sceneLighting":false,"audioPlay":false,"sceneViewState":{"m_AlwaysRefresh":false,"showFog":true,"showSkybox":false,"showFlares":true,"showImageEffects":true,"showParticleSystems":true,"showVisualEffectGraphs":true,"m_FxEnabled":true},"in2DMode":false,"pivot":{"x":-1.8763880729675294,"y":0.9202139377593994,"z":-2.8336167335510256},"rotation":{"x":0.020420528948307039,"y":-0.9793055653572083,"z":0.14381717145442964,"w":0.139298677444458},"size":11.075173377990723,"orthographic":false}