{"cameraMode":{"drawMode":0,"name":"Shaded","section":"Shading Mode"},"sceneLighting":false,"audioPlay":false,"sceneViewState":{"m_AlwaysRefresh":false,"showFog":true,"showSkybox":false,"showFlares":true,"showImageEffects":true,"showParticleSystems":true,"showVisualEffectGraphs":true,"m_FxEnabled":true},"in2DMode":false,"pivot":{"x":-2.0782387256622316,"y":-4.114089012145996,"z":4.279280185699463},"rotation":{"x":-0.5372912883758545,"y":0.0055785453878343109,"z":-0.003520120633766055,"w":-0.8432316780090332},"size":10.212575912475586,"orthographic":false}