{"cameraMode":{"drawMode":0,"name":"Shaded","section":"Shading Mode"},"sceneLighting":false,"audioPlay":false,"sceneViewState":{"m_AlwaysRefresh":false,"showFog":true,"showSkybox":false,"showFlares":true,"showImageEffects":true,"showParticleSystems":true,"showVisualEffectGraphs":true,"m_FxEnabled":true},"in2DMode":false,"pivot":{"x":-22.849151611328126,"y":0.057589445263147357,"z":0.43424364924430849},"rotation":{"x":-0.537266731262207,"y":-0.005757316015660763,"z":0.0038063540123403074,"w":-0.8431951999664307},"size":7.348469257354736,"orthographic":false}