{"cameraMode":{"drawMode":0,"name":"Shaded","section":"Shading Mode"},"sceneLighting":false,"audioPlay":false,"sceneViewState":{"m_AlwaysRefresh":false,"showFog":true,"showSkybox":false,"showFlares":true,"showImageEffects":true,"showParticleSystems":true,"showVisualEffectGraphs":true,"m_FxEnabled":true},"in2DMode":false,"pivot":{"x":-35.51824188232422,"y":-1.7394500970840455,"z":0.5144481062889099},"rotation":{"x":-0.5807692408561707,"y":0.006655906327068806,"z":-0.004611489363014698,"w":-0.8138308525085449},"size":7.842193603515625,"orthographic":false}