{"cameraMode":{"drawMode":0,"name":"Shaded","section":"Shading Mode"},"sceneLighting":false,"audioPlay":false,"sceneViewState":{"m_AlwaysRefresh":false,"showFog":true,"showSkybox":false,"showFlares":true,"showImageEffects":true,"showParticleSystems":true,"showVisualEffectGraphs":true,"m_FxEnabled":true},"in2DMode":false,"pivot":{"x":-48.160579681396487,"y":0.8116235733032227,"z":-0.42743539810180666},"rotation":{"x":-0.5536101460456848,"y":-0.00443282350897789,"z":0.003087979042902589,"w":-0.8325650691986084},"size":7.842193603515625,"orthographic":false}